model,RMSE,MAE,R2
RandomForest,1251.756957984718,778.1240443784785,0.8376201119702166
StackingRegressor,1254.8690919302526,782.5248829971534,0.8368116864054584
XGBoost,1268.3557806993886,841.9676569394629,0.833285108341098
GradientBoosting,2561.8356535940657,1796.2988326544182,0.31986560137609377
LinearRegression,2800.705043926274,1973.4973699130558,0.18711903036620847
